131011;160229;
131040;160223;
131076;160172;
130684;160053;
130579;159847;
130476;159586;
130385;159403;
130248;159263;
130127;159104;
130078;158914;
130069;158776;
130038;158668;
130019;158604;
129946;158578;
129966;158591;
129976;158656;
129965;158697;
129971;158749;
130012;158784;
130126;158884;
130145;158958;
130170;159023;
130214;159073;
130249;15918;
130281;159306;
130282;159383;
130306;159414;
130372;159395;
130411;159433;
130392;159418;
130366;159394;
130350;159338;
130339;15938;
130332;159435;
130284;159469;
130294;159421;
130374;159434;
130393;159448;
130379;159455;
130372;159446;
130384;159521;
130384;159573;
130365;159661;
130362;159694;
130415;15971;
130500;159752;
130493;159791;
130480;159821;
130508;159825;
130536;159891;
130544;160005;
130510;160072;
130549;160107;
130639;160152;
130694;160193;
130702;160227;
130712;16026;
130711;160278;
130728;160344;
130732;160417;
130689;160376;
130710;160273;
130686;160104;
130603;159881;
130477;15966;
130379;159422;
130282;159231;
130195;159134;
130111;159041;
130061;158917;
130096;158852;
130094;158793;
130094;15877;
130044;158773;
130056;158775;
130071;158875;
130087;158988;
130089;159044;
130158;159108;
130251;159196;
130291;159287;
130292;159325;
130349;159342;
130354;159415;
130356;159504;
130318;159553;
130341;15954;
130399;159513;
130418;159494;
130396;159496;
130358;159452;
130356;159441;
130355;159466;
130322;159533;
130296;159559;
130330;159551;
130385;159535;
130413;159549;
130419;159571;
130399;159577;
130400;159561;
130402;159637;
130394;159745;
130369;159767;
130424;159802;
130491;15983;
130508;159869;
130484;159905;
130506;159922;
130523;159992;
130530;160076;
130522;160168;
130528;160185;
130608;160211;
130641;160267;
130634;160288;
130597;160239;
130580;160149;
130508;160019;
130393;159866;
130264;159665;
130172;159425;
130136;159209;
130086;159031;
129984;158878;
129898;15873;
129870;158627;
129832;158635;
129805;158699;
129815;158701;
129824;158713;
129940;158757;
129968;158833;
129969;158876;
129991;158916;
130047;159036;
130068;159181;
130085;159275;
130109;159344;
130204;159367;
130249;159407;
130239;159431;
130209;159418;
130212;159417;
130199;159434;
130184;159487;
130132;159479;
130161;159425;
130227;159433;
130235;159443;
130220;159415;
130187;159407;
130179;159412;
130180;159478;
130153;159546;
130158;159575;
130206;15958;
130269;159622;
130304;159652;
130282;159687;
130296;159702;
130315;159768;
130329;159869;
130330;159944;
130371;159979;
130448;159999;
130490;160067;
130516;160105;
130498;160123;
130514;160145;
130542;160199;
130522;160211;
130453;1601;
130401;159915;
130342;159663;
130256;159413;
130126;159177;
129997;158934;
129904;158709;
129815;1586;
129723;158521;
129664;15842;
129643;158337;
129703;158273;
129657;158255;
129631;158235;
129645;158215;
129648;158274;
129657;158377;
129647;158463;
129703;158502;
129778;158544;
129846;158616;
129839;158686;
129843;158677;
129885;158754;
129881;158805;
129851;158864;
129831;158856;
129884;158816;
129932;158807;
129897;1588;
129862;158774;
129873;158736;
129853;158755;
129869;158817;
129817;158841;
129846;158843;
129894;158835;
129910;158843;
129938;158852;
129910;158851;
129939;158894;
129933;158981;
129921;159043;
129911;159069;
130018;159084;
130064;159101;
130080;15917;
130055;159173;
130069;159213;
130085;159272;
130091;159355;
130077;159404;
130102;159403;
130138;159359;
130134;159236;
130055;159061;
129940;158845;
129827;158607;
129707;158453;
129570;158255;
129445;158035;
129436;157821;
129404;157696;
129344;157576;
129266;157494;
129251;157426;
129246;157431;
129210;157492;
129171;157497;
129224;157496;
129288;157547;
129338;157604;
129340;157665;
129344;15769;
129376;157756;
129396;157881;
129378;157963;
129387;157997;
129420;157995;
129472;15801;
129445;158027;
129443;158001;
129412;157979;
129395;158005;
129377;158044;
129335;158055;
129340;158067;
129398;15804;
129417;158053;
129387;158068;
129373;158051;
129365;158077;
129376;158167;
129365;158239;
129345;158287;
129415;158343;
129495;158385;
129520;15844;
129531;158515;
129544;15854;
129570;158645;
129601;158782;
129598;158898;
129646;158959;
129729;158986;
129794;159063;
129815;159086;
129773;159073;
129779;159046;
129693;158969;
129592;158801;
129470;158565;
129388;158298;
129344;158059;
129227;157879;
129114;157677;
129046;157537;
128983;157458;
128935;15747;
128903;157452;
128907;157424;
128974;157425;
129017;157445;
129010;157485;
129023;157506;
129061;157589;
129096;157725;
129106;157845;
129119;157938;
129205;158011;
129294;158084;
129358;15816;
129345;158215;
129359;158236;
129368;158271;
129385;158364;
129340;158413;
129378;158382;
129409;158344;
129433;15834;
129426;158365;
129389;158319;
129394;158314;
129394;15836;
129379;158449;
129365;158468;
129398;158482;
129455;158516;
129504;158556;
129500;15861;
129489;158625;
129512;158707;
129539;158849;
129541;158922;
129537;159002;
129608;159037;
129709;159115;
129718;159186;
129745;159233;
129777;159244;
129788;159335;
129798;159429;
129774;159448;
129768;159382;
129750;159198;
129688;158992;
129536;158702;
129369;158394;
129279;158117;
129153;157956;
129026;157818;
128931;157659;
128880;157513;
128894;157423;
128878;157366;
128828;157331;
128785;157275;
128775;157301;
128774;157387;
128745;157421;
128750;157487;
128833;157531;
128885;157611;
128922;157713;
128942;157777;
128959;15782;
129004;157936;
128993;158067;
128964;158104;
128992;158079;
129081;158104;
129090;15813;
129065;158115;
129061;158064;
129052;158065;
129050;15814;
129034;158189;
129031;158176;
129065;158187;
129133;158214;
129147;158233;
129114;158232;
129133;158228;
129158;15832;
129143;158421;
129142;158481;
129188;158493;
129270;158535;
129310;158608;
129320;15864;
129314;15867;
129344;158747;
129358;158855;
129360;158934;
129336;158998;
129386;159016;
129473;15902;
129412;158952;
129328;158722;
129208;158417;
129063;158142;
128887;157908;
128757;157692;
128659;157462;
128609;15726;
128532;157094;
128465;156941;
128378;156814;
128354;156737;
128321;156736;
128283;156752;
128234;156707;
128262;156678;
128313;156674;
128350;156696;
128304;156716;
128308;15671;
128319;1568;
128352;15693;
128341;157024;
128387;157094;
128485;157132;
128511;157195;
128514;157246;
128512;157248;
128514;157238;
128511;157272;
128501;157353;
128455;157332;
128486;157318;
128549;15734;
128580;157363;
128583;157359;
128543;157381;
128555;157398;
128555;157502;
128535;157578;
128575;157634;
128638;157672;
128707;157753;
128712;157828;
128729;157886;
128755;157907;
128777;158005;
128775;158157;
128799;158218;
128849;158258;
128952;158332;
128987;158389;
128997;158441;
129017;158433;
128993;158457;
128977;158472;
128886;158289;
128724;15799;
128612;157622;
128519;157319;
128362;157034;
128224;156755;
128110;156503;
128020;156354;
127903;156247;
127794;156124;
127779;156004;
127777;155913;
127784;155851;
127726;155783;
127676;155722;
127651;155673;
127643;155712;
127635;155759;
127608;155764;
127645;155776;
127715;155823;
127778;155896;
127780;155979;
127799;156057;
127858;156144;
127870;156283;
127883;156364;
127892;156394;
127946;156376;
128020;156422;
128018;156414;
128005;156398;
127998;156396;
128007;156423;
127991;15649;
127988;156542;
128040;156539;
128101;156581;
128152;156606;
128139;156634;
128115;156646;
128139;156657;
128143;156758;
128154;156867;
128162;156913;
128200;156976;
128274;157038;
128338;157097;
128330;157147;
128338;157169;
128368;157254;
128385;157351;
128379;157428;
128371;157475;
128435;157493;
128525;157541;
128528;157602;
128517;15763;
128514;157616;
128509;157622;
128465;157555;
128311;157339;
128197;157005;
128098;156673;
127999;1564;
127849;15614;
127721;155888;
127610;155652;
127517;155525;
127434;155442;
127332;155333;
127331;155189;
127331;155111;
127329;155037;
127271;154961;
127218;154866;
127190;15485;
127146;154851;
127099;154865;
127080;15485;
127115;154834;
127182;154873;
127187;154943;
127194;155012;
127265;155091;
127315;155182;
127320;155333;
127324;155414;
127379;155439;
127448;155465;
127481;155458;
127484;155477;
127454;155479;
127467;155442;
127477;155567;
127474;155618;
127456;155641;
127501;15567;
127581;155713;
127637;155772;
127631;155808;
127633;155822;
127673;155917;
127674;156014;
127680;156112;
127685;15617;
127756;156191;
127839;156272;
127862;156323;
127859;156376;
127892;156395;
127910;156488;
127925;156622;
127935;156709;
127962;156766;
128031;156815;
128086;156879;
128107;156962;
128106;157005;
128125;157052;
128158;157171;
128154;157306;
128154;157402;
128209;157454;
128295;157482;
128355;157544;
128334;157597;
128352;157637;
128366;157693;
128390;157767;
128384;157904;
128396;157958;
128454;158008;
128561;158088;
128569;158165;
128566;158206;
128599;158231;
128597;158263;
128561;158258;
128466;158116;
128358;15775;
128202;157284;
128018;156855;
127833;156546;
127671;156272;
127561;156062;
127473;155953;
127391;155889;
127306;155846;
127286;155725;
127318;15567;
127324;155639;
127270;155597;
127237;155521;
127201;155498;
127172;155521;
127144;155532;
127087;155536;
127136;155522;
127216;155567;
127231;155615;
127238;155663;
127257;155717;
127305;155845;
127339;156003;
127325;156101;
127391;156155;
127463;156168;
127504;156194;
127505;156223;
127486;156227;
127471;156221;
127492;156295;
127481;156406;
127478;15644;
127527;156459;
127616;15651;
127664;156589;
127669;156636;
127679;156689;
127705;156753;
127719;156879;
127720;156976;
127725;157034;
127811;157069;
127915;157152;
127920;157227;
127937;157274;
127958;157309;
127997;157398;
128008;15754;
128019;157644;
128081;157691;
128168;157748;
128225;157819;
128243;157907;
128227;157932;
128271;157942;
128267;158049;
128279;158146;
128255;158201;
128310;158235;
128415;158304;
128453;158351;
128449;158359;
128420;158366;
128459;158451;
128473;158533;
128468;158617;
128492;158646;
128565;158691;
128612;158736;
128625;158786;
128610;158795;
128629;158802;
128619;158788;
128564;15871;
128435;158436;
128289;158008;
128139;157612;
127973;157273;
127827;157014;
127691;156803;
127629;156694;
127579;156686;
127525;15668;
127485;156614;
127522;156574;
127550;156546;
127546;156545;
127494;156507;
127504;156474;
127496;156507;
127489;156565;
127467;156639;
127480;156654;
127582;156683;
127635;156764;
127658;156842;
127675;156901;
127717;15697;
127739;157066;
127757;157164;
127731;157193;
127794;157192;
127848;157185;
127864;157198;
127857;157183;
127825;157155;
127821;157193;
127827;157281;
127799;15734;
127838;157339;
127875;157369;
127943;157408;
127963;157447;
127954;15749;
127979;157521;
128013;157593;
128003;157715;
128027;157787;
128074;157831;
128158;157876;
128222;157947;
128235;157973;
128235;158005;
128269;158085;
128289;158162;
128316;158248;
128286;158288;
128348;158317;
128418;158338;
128419;158393;
128430;15841;
128436;158406;
128448;158468;
128455;158557;
128415;158652;
128463;158628;
128550;158634;
128576;158694;
128564;158724;
128563;158734;
128587;158789;
128596;158884;
128592;15899;
128595;159038;
128667;159067;
128730;159104;
128748;159104;
128690;159035;
128629;158813;
128467;158509;
128289;158189;
128089;157866;
127940;157598;
127873;157357;
127835;157195;
127732;157082;
127649;156971;
127626;156901;
127594;156863;
127547;156892;
127504;15686;
127500;15679;
127532;156751;
127529;156738;
127489;156706;
127469;156663;
127458;156623;
127449;156681;
127412;156775;
127405;156823;
127507;15687;
127591;156957;
127603;15705;
127620;157099;
127679;157125;
127705;157193;
127710;157319;
127695;157359;
127724;157353;
127754;157338;
127792;157377;
127780;157384;
127785;157376;
127782;157351;
127790;157434;
127807;157528;
127804;157611;
127849;157631;
127908;157671;
127974;157752;
127982;157794;
128002;15784;
128035;15788;
128068;158002;
128082;158138;
128088;158192;
128159;158235;
128245;158329;
128321;158387;
128314;15844;
128327;158477;
128346;158556;
128361;158686;
128359;158744;
128402;158781;
128470;158812;
128524;158864;
128535;158893;
128507;158915;
128534;158944;
128556;159028;
128552;159123;
128541;159178;
128610;159194;
128666;159237;
128720;159284;
128718;159325;
128709;159335;
128734;1594;
128759;159506;
128731;159566;
128742;159527;
128764;159422;
128730;159212;
128593;158861;
128339;158389;
128117;15798;
127953;157702;
127801;15753;
127689;157392;
127632;157253;
127634;157146;
;128392;158953
128414;158986;
128424;159048;
128456;15909;
128465;;
128155;158634;
128165;158743;
128248;158803;
128340;158863;
128392;158953;
128414;158986;
128424;159048;
128456;15909;
128465;159214;
128473;159315;
128513;159364;
128578;15942;
128654;159472;
128660;159514;
128663;159558;
128687;159574;
128706;159676;
128708;159786;
128730;15983;
128778;159876;
128849;159926;
128881;159989;
128885;159977;
128863;15996;
128833;15987;
128740;159703;
128565;159372;
128332;158889;
128137;158399;
127997;158053;
127838;157802;
127759;157634;
127672;157501;
127633;157448;
127599;157472;
127539;157462;
127542;15743;
127564;157403;
127584;157378;
127585;157369;
127550;157347;
127545;157311;
127533;157345;
127535;157424;
127517;157488;
127552;157534;
127635;157588;
127714;157687;
127738;15778;
127769;157863;
127811;157937;
127855;15806;
127861;158194;
127899;158239;
127915;158245;
127977;158235;
128002;158252;
127990;158251;
127979;158222;
127977;158213;
127976;158298;
127991;158388;
127992;158426;
128027;158458;
128106;158519;
128162;158593;
128143;158626;
128186;158669;
128213;158761;
128233;158865;
128245;158957;
128276;159029;
128370;159045;
128439;159129;
128440;159185;
128432;1592;
128458;159229;
128482;159331;
128496;159476;
128475;159502;
128541;159549;
128630;159597;
128669;159651;
128697;159687;
128664;159735;
128690;159804;
128693;159884;
128653;159918;
128629;159845;
128632;159643;
128545;159378;
128371;158997;
128139;15855;
127954;158224;
127812;15803;
127695;157934;
127614;157809;
127599;157751;
127646;15772;
127660;157706;
127629;157674;
127587;157661;
127610;157682;
127601;157738;
127565;157781;
127565;157756;
127607;157758;
127687;157805;
127700;157849;
127722;157904;
127731;157968;
127762;158083;
127823;158254;
127840;158405;
127919;158483;
127994;158557;
128059;158605;
128084;158665;
128071;158655;
128088;158631;
128084;158694;
128065;158779;
128044;158747;
128067;158776;
128151;158798;
128171;158832;
128190;158883;
128174;158911;
128215;158968;
128233;159082;
128219;159154;
128236;159199;
128310;159228;
128390;159303;
128408;159357;
128405;159397;
128433;159435;
128476;159519;
128487;159646;
128481;159744;
128533;159755;
128605;159788;
128645;15984;
128644;159874;
128648;159894;
128665;159881;
128677;159989;
128661;160034;
128610;159936;
128587;159707;
128489;159429;
128288;159003;
128059;158607;
127913;158267;
127792;15809;
127667;158018;
127599;157919;
127567;157856;
127591;15778;
127602;157768;
127587;157742;
127562;157722;
127548;157683;
127563;157726;
127534;157778;
127517;1578;
127567;157791;
127626;157836;
127679;157895;
127671;15794;
127685;157971;
127742;158067;
127770;158193;
127767;158306;
127793;158381;
127847;158404;
127918;158449;
127926;15847;
127892;158477;
127900;158457;
127901;158469;
127927;158551;
127909;158601;
127890;158649;
127953;158655;
128044;1587;
128053;158748;
128057;158767;
128061;158776;
128087;158877;
128086;158977;
128069;159044;
128136;159047;
128213;159122;
128256;159165;
128266;159221;
128267;159262;
128311;15932;
128308;15942;
128296;159516;
128308;159585;
128379;15964;
128471;159696;
128497;159743;
128493;159784;
128504;159747;
128499;159805;
128479;159796;
128382;159643;
128294;159292;
128124;158845;
127962;15847;
127783;158154;
127609;157924;
127532;157751;
127458;157631;
127393;157631;
127308;157538;
127319;157474;
127342;157448;
127358;157403;
127328;15735;
127277;157306;
127271;157283;
127237;157308;
127191;15731;
127171;157294;
127225;157271;
127263;157323;
127304;157423;
127305;157441;
127349;157491;
127399;157599;
127397;157725;
127414;15781;
127444;15782;
127495;157802;
127513;157828;
127496;157816;
127464;157772;
127455;157736;
127452;157799;
127433;157876;
127419;157874;
127456;157857;
127524;157901;
127536;157958;
127531;157979;
127566;158006;
127575;158088;
127587;158219;
127601;158293;
127618;158327;
127730;158384;
127761;158433;
127781;15847;
127773;158522;
127810;158549;
127853;15865;
127863;158767;
127869;158843;
127925;158885;
127992;15891;
128044;158933;
128031;15893;
127966;158831;
127905;158641;
127757;158377;
127592;158129;
127412;157816;
127316;157532;
127237;157307;
127159;157097;
127035;156939;
126954;156776;
126872;156677;
126823;156643;
126758;156579;
126727;156484;
126741;156394;
126733;156332;
126673;156282;
126611;156201;
126586;156151;
126576;156196;
126550;156256;
126577;156309;
126631;156367;
126741;156465;
126817;156596;
126873;156683;
126903;156754;
126952;156833;
126978;156968;
126986;15705;
126985;157093;
127057;157079;
127140;157105;
127131;15711;
127116;157077;
127119;157043;
127093;157072;
127064;157138;
127050;157192;
127077;157221;
127159;157207;
127197;157264;
127213;157307;
127175;157317;
127210;157361;
127230;157481;
127237;157615;
127239;157716;
127316;157793;
127424;157929;
127525;158051;
127562;158166;
127596;158254;
127663;158375;
127708;158549;
127698;158659;
127729;158731;
127806;158773;
127863;158774;
127809;15871;
127707;158473;
127574;158116;
127364;157673;
127171;157402;
126997;157163;
126872;15695;
126846;156759;
126809;156646;
126748;156569;
126668;156486;
126656;156411;
126637;156433;
126588;156461;
126561;156472;
126545;156438;
126600;156404;
126635;156426;
126600;156445;
126626;156431;
126657;156494;
126688;156638;
126723;156811;
126763;156951;
126852;157048;
127004;157199;
127038;15732;
127050;157387;
127097;157409;
127114;157463;
127113;15757;
127084;157623;
127111;157625;
127189;157645;
127237;157703;
127273;157755;
127274;157791;
127305;157843;
127338;157981;
127337;158089;
127330;158199;
127373;158274;
127471;158335;
127526;158444;
127577;158506;
127590;158582;
127630;158654;
127681;158735;
127698;15889;
127704;158934;
127770;158986;
127841;159053;
127901;159127;
127911;159185;
127925;15922;
127977;159268;
127978;15936;
127984;159432;
127974;159419;
127979;159349;
127961;159168;
127844;158881;
127645;158463;
127405;157981;
127221;157686;
127071;157455;
126958;157323;
126874;157183;
126879;157067;
126874;157014;
126831;156956;
126755;156906;
126732;156842;
126702;156876;
126657;15692;
126612;156938;
126626;156923;
126696;156932;
126723;156959;
126759;157015;
126807;15709;
126861;157203;
126926;15734;
126970;157537;
126994;157629;
127078;157695;
127169;157754;
127188;157767;
127168;157759;
127123;157703;
127100;157669;
127060;157714;
127027;157703;
127024;157693;
127095;157686;
127140;157713;
127120;157727;
127101;157747;
127126;157768;
127138;157837;
127140;157942;
127116;157965;
127206;157982;
127266;158028;
127315;158072;
127324;15809;
127300;158109;
127333;158159;
127329;158244;
127322;1583;
127311;158324;
127373;158357;
127449;158409;
127457;158448;
127471;158472;
127514;158483;
127534;158567;
127550;158687;
127554;158723;
127575;158702;
127597;158588;
127562;158432;
127437;158212;
127314;157904;
127191;157639;
127080;157447;
126944;157323;
126806;157173;
126764;156986;
126768;156878;
126711;156805;
126654;156727;
126588;156663;
126567;156566;
126551;156582;
126514;156619;
126483;156572;
126506;156549;
126569;156534;
126575;156526;
126547;15653;
126566;156508;
126567;156593;
126597;156736;
126619;156833;
126680;156888;
126754;156953;
126817;157003;
126784;157042;
126774;157046;
126791;157036;
126780;157078;
126770;157163;
126756;157179;
126807;157183;
126859;1572;
126903;157215;
126880;157231;
126869;157257;
126893;15728;
126910;157416;
126903;157475;
126912;157511;
126965;15753;
127074;157624;
127115;157657;
127109;157708;
127123;157702;
127133;157783;
127166;157874;
127176;157969;
127172;158005;
127265;158023;
127319;158083;
127343;158117;
127327;158148;
127361;15816;
127370;158207;
127359;158266;
127305;158293;
127314;158152;
127295;157954;
127232;157773;
127117;157558;
126989;157336;
126911;157141;
126840;157047;
126751;157;
126667;156881;
126643;156784;
126661;156715;
126628;156645;
126562;156593;
126534;156508;
126492;156511;
126471;156545;
126425;156539;
126421;156497;
126491;156459;
126524;156486;
126518;156507;
126525;156537;
126546;156565;
126596;156683;
126618;156818;
126629;156904;
126678;156926;
126735;156953;
126781;156969;
126772;156982;
126765;156981;
126778;156989;
126759;157059;
126764;157088;
126761;157107;
126813;157109;
126879;157136;
126905;157186;
126904;15718;
126915;15718;
126931;157269;
126937;157363;
126930;15742;
126950;15745;
127033;157466;
127086;157524;
127087;157547;
127091;15756;
127109;157558;
127135;157653;
127139;157769;
127138;157837;
127174;157854;
127254;157883;
127301;157928;
127297;157952;
127287;157952;
127298;157942;
127293;157979;
127250;157984;
127188;15784;
127136;15767;
127089;157489;
127041;157297;
126923;157113;
126821;156931;
126761;156811;
126676;156737;
126625;156708;
126572;156624;
126565;156538;
126582;156478;
126562;15644;
126501;156372;
126475;156279;
126445;156272;
126429;156288;
126393;15629;
126395;156255;
126442;156228;
126472;156238;
126489;156264;
126484;156289;
126506;156335;
126532;156449;
126553;156571;
126553;156648;
126589;15666;
126652;156653;
126697;156664;
126678;156674;
126667;156668;
126668;15667;
126672;156761;
126664;156822;
126631;156832;
126720;156851;
126776;15687;
126822;156932;
126833;15697;
126827;156985;
126856;157039;
126866;157119;
126866;157198;
126863;157241;
126916;157277;
127016;157324;
127051;157366;
127030;157413;
127050;157435;
127079;1575;
127081;157617;
127065;1577;
127136;157745;
127215;157799;
127288;157848;
127302;157898;
127279;157916;
127300;157917;
127306;157984;
127285;158008;
127231;15794;
127209;157738;
127157;157564;
127086;157406;
126978;157244;
126873;157079;
126814;15696;
126746;156936;
126673;156891;
126629;156847;
126641;156762;
126692;156747;
126676;156721;
126634;15669;
126635;156629;
126631;156661;
126595;156695;
126562;156692;
126567;15669;
126640;156682;
126662;156708;
126677;156743;
126673;156772;
126719;156818;
126744;157008;
126768;15713;
126783;157185;
126837;157202;
126919;157248;
126914;157257;
126905;157251;
126932;157238;
126938;157285;
126948;157403;
126944;157453;
126994;157488;
127086;157528;
127118;157559;
127138;157602;
127119;157633;
127147;157629;
127173;157731;
127176;157849;
127184;157909;
127233;157934;
127303;157959;
127354;157983;
127330;158007;
127319;158031;
127329;158031;
127345;158115;
127348;158234;
127347;158244;
127412;158282;
127477;158304;
127514;158371;
127490;158375;
127503;158403;
127510;158484;
127531;158617;
127528;158677;
127567;158715;
127619;158696;
127641;158718;
127611;158642;
127530;158488;
127478;158297;
127402;158184;
127305;158062;
127200;157886;
127151;157777;
127166;157656;
127150;157566;
127092;157494;
127045;157401;
127030;157335;
126992;157345;
126917;157325;
126859;157271;
126871;157213;
126892;157168;
126862;157141;
126812;157096;
126809;157042;
126805;157065;
126801;157154;
126765;157216;
126825;157262;
126897;157298;
126970;157375;
126991;157429;
126992;157457;
127023;157485;
127017;15753;
127008;157628;
126999;157642;
127056;157659;
127136;157679;
127146;157703;
127123;157719;
127151;157702;
127165;157781;
127170;157855;
127171;157931;
127187;157938;
127249;157969;
127335;158026;
127354;158046;
127352;158072;
127375;158069;
127394;158161;
127415;158255;
127402;158315;
127441;158317;
127496;158325;
127514;158343;
127514;158377;
127503;158371;
127486;158334;
127499;158424;
127483;158492;
127480;158551;
127510;158598;
127584;158594;
127608;158613;
127616;158633;
127590;158616;
127605;158659;
127600;158695;
127564;158675;
127494;15858;
127488;15843;
127467;158266;
127384;158114;
127254;157932;
127200;157783;
127149;157703;
127086;157681;
127025;15767;
127022;15758;
127046;157531;
127034;15746;
127003;157398;
126954;157336;
126915;157254;
126871;157222;
126831;157263;
126804;157224;
126816;157188;
126848;157185;
126891;157215;
126902;157225;
126868;157257;
126904;157311;
126914;157394;
126926;157526;
126919;157555;
126974;157546;
127043;15757;
127035;157597;
126993;157552;
126993;157553;
127002;157575;
126985;157631;
126970;157676;
126978;157706;
127018;15771;
127096;157732;
127096;157793;
127099;157816;
127110;157801;
127133;157891;
127143;157988;
127152;158062;
127193;158104;
127254;158107;
127302;158152;
127294;158169;
127285;158191;
127302;158217;
127323;158284;
127318;158354;
127303;1584;
127335;158408;
127422;158435;
127445;158462;
127445;158487;
127420;158506;
127451;158528;
127480;158632;
127492;158723;
127460;158733;
127513;158737;
127590;158757;
127571;158735;
127513;158648;
127450;158505;
127398;15839;
127307;158319;
127212;15817;
127154;15802;
127159;15787;
127112;157754;
127046;157673;
126984;15756;
126947;157493;
126922;157471;
126880;15746;
126819;157426;
126815;157355;
126817;157275;
126820;157212;
126767;157166;
126701;157114;
126690;157073;
126685;157119;
126656;157174;
126644;157201;
126689;157227;
126782;157293;
126779;157359;
126796;157402;
126821;157437;
126873;157518;
126869;157598;
126843;157641;
126857;157646;
126920;157632;
126935;157663;
126951;157704;
126964;157707;
126992;157744;
126997;157823;
127024;157936;
127017;157998;
127079;158021;
127175;158054;
127197;1581;
127171;158117;
127204;158121;
127236;158194;
127227;158302;
127238;158375;
127289;158399;
127377;158418;
127409;158462;
127413;158484;
127393;15848;
127409;158491;
127416;15855;
127408;158641;
127378;158657;
127403;158614;
127448;158664;
127485;158686;
127448;158698;
127444;158705;
127473;158775;
127500;158862;
127498;158911;
127498;158918;
127530;158894;
127567;158888;
127539;15883;
127467;158732;
127426;158579;
127341;158449;
127259;158354;
127165;158258;
127122;158096;
127107;157968;
127065;15788;
127012;157789;
126943;157703;
126913;157639;
126893;157632;
126849;157635;
126808;157572;
126793;157518;
126822;157455;
126821;157415;
126776;157358;
126722;157291;
126717;157314;
126692;157397;
126706;157446;
126732;15751;
126809;157526;
126890;157596;
126910;157662;
126911;157681;
126935;157703;
126950;157757;
126936;157827;
126890;15786;
126963;157817;
127051;157879;
127075;157934;
127110;157962;
127105;157979;
127156;158047;
127172;158145;
127166;158222;
127216;158251;
127266;158255;
127352;158294;
127359;158324;
127367;158352;
127387;158344;
127382;158405;
127392;158467;
127357;158519;
127393;158512;
127446;158539;
127509;158574;
127501;15857;
127463;158566;
127480;158573;
127475;158616;
127450;158677;
127406;158711;
127446;158738;
127518;158742;
127551;158765;
127553;158793;
127546;158797;
127568;15876;
127550;158842;
127528;158924;
127490;158928;
127528;158922;
127586;158956;
127630;158956;
127592;158923;
127530;158808;
127457;158681;
127368;158596;
127240;158453;
127161;158287;
127150;158118;
127099;158003;
127028;157885;
126948;157749;
126899;157661;
126884;15765;
126839;157657;
126761;157601;
126776;157501;
126789;157453;
126782;157409;
126732;157347;
126686;157278;
126667;157251;
126645;157275;
126599;157289;
126580;157276;
126642;157291;
126671;157331;
126702;157392;
126696;15742;
126737;157467;
126775;157563;
126785;157673;
126765;157698;
126775;157687;
126847;15766;
126841;157649;
126827;157666;
126810;157668;
126844;15769;
126869;157779;
126903;157867;
126911;157914;
126929;157911;
126997;157939;
127046;157967;
127036;157995;
127049;158012;
127086;158047;
127110;158128;
127093;158239;
127113;158265;
127148;158274;
127215;158291;
127255;158344;
127209;158357;
127199;158325;
127202;158404;
127219;158476;
127196;158514;
127182;15854;
127254;158542;
127299;158543;
127259;158543;
127240;158558;
127227;158536;
127247;158603;
127249;158688;
127231;158738;
127241;15871;
127274;158736;
127294;158764;
127328;158776;
127320;15876;
127298;158663;
127250;158618;
127159;158524;
127056;158382;
127026;158244;
127035;158128;
127011;158041;
126917;157937;
126836;157819;
126790;157739;
126732;157715;
126681;157685;
126618;157653;
126658;157615;
126732;157594;
126706;157517;
126631;157451;
126584;157376;
126552;157352;
126521;157412;
126481;157414;
126539;157441;
126645;157479;
126722;15754;
126739;157593;
126715;157613;
126687;157608;
126705;15768;
126654;157785;
126647;15781;
126694;15782;
126756;157832;
126794;157878;
126789;157907;
126771;157886;
126753;157915;
126716;157999;
126682;158021;
126703;158053;
126756;158064;
126798;158107;
126789;158151;
126796;158182;
126821;158213;
126838;158299;
126827;158375;
126815;158428;
126847;158431;
126876;158434;
126916;158473;
126951;158484;
126947;15848;
126988;158504;
127035;158597;
127041;158694;
127030;158708;
127091;158699;
127153;158696;
127152;158667;
127112;158671;
127114;15865;
127132;158657;
127107;158746;
127103;158797;
127108;158807;
127171;158819;
127219;158824;
127197;158831;
127183;158813;
127158;158756;
127148;158724;
127094;158708;
127010;158619;
126976;158458;
126961;158291;
126937;158197;
126878;158098;
126830;158;
126818;157908;
126794;157895;
126761;157868;
126693;157753;
126678;157666;
126735;157646;
126747;157596;
126729;157539;
126669;157411;
126607;157352;
126548;157319;
126470;157303;
126405;157252;
126437;157226;
126507;15725;
126505;157297;
126491;157306;
126508;157319;
126508;157368;
126504;157444;
126431;157487;
126456;157446;
126523;157448;
126569;157489;
126581;15752;
126591;157515;
126618;157561;
126627;157651;
126614;15772;
126616;157733;
126695;157766;
126807;157858;
126843;157897;
126881;15796;
126940;157975;
126959;158055;
126935;15812;
126940;158148;
126973;158172;
127044;158198;
127118;158238;
127133;158268;
127119;158258;
127129;15827;
127143;158309;
127139;158417;
127163;158446;
127236;158489;
127296;158505;
127333;158518;
127320;15854;
127309;158527;
127313;158532;
127303;158601;
127287;158629;
127241;158613;
127297;158554;
127310;158468;
127235;158362;
127134;158198;
127041;157994;
126960;157898;
126882;157854;
126799;157788;
126786;157687;
126829;157607;
126811;157542;
126747;157463;
126681;157316;
126638;157244;
126599;157201;
126538;157219;
126463;157128;
126468;157018;
126504;156987;
126473;156965;
126432;156934;
126465;156898;
126444;156954;
126445;157054;
126450;157133;
126477;157166;
126547;157194;
126575;157214;
126567;157206;
126556;157216;
126575;157203;
126630;157275;
126603;157369;
126592;157386;
126642;157402;
126718;157403;
126791;157444;
126765;157451;
126753;157449;
126786;15748;
126762;157543;
126752;157597;
126753;15762;
126802;157639;
126900;157693;
126964;157745;
126949;157774;
126960;157764;
126987;157808;
126991;157893;
126986;157966;
127018;157962;
127074;15797;
127136;15799;
127138;158016;
127109;157998;
127132;157993;
127144;158046;
127127;158111;
127099;158128;
127106;158149;
127176;158133;
127208;158098;
127157;158005;
127064;157903;
127014;157805;
126947;157733;
126861;157667;
126757;15754;
126745;157415;
126760;15734;
126696;157247;
126618;157162;
126579;157072;
126553;157047;
126514;15705;
126470;157064;
126483;157002;
126524;156941;
126534;15693;
126509;156877;
126471;156828;
126444;156789;
126419;156831;
126416;156915;
126415;156956;
126466;156998;
126564;157055;
126630;157103;
126619;157157;
126657;157146;
126651;157179;
126643;157243;
126605;157271;
126575;157274;
126655;15727;
126731;157316;
126754;157352;
126754;157347;
126776;157368;
126784;157434;
126786;15751;
126794;157576;
126831;157593;
126896;1576;
126926;157627;
126935;157662;
126929;157684;
126979;15768;
126987;157824;
126991;157904;
126992;157919;
127045;157909;
127113;157923;
127089;157941;
127076;157958;
127096;157956;
127098;158017;
127115;158098;
127108;158165;
127143;158175;
127210;158202;
127251;158205;
127225;158219;
127225;158201;
127196;158159;
127203;158163;
127156;158205;
127106;158164;
127103;158051;
127106;157964;
127101;157885;
127049;157803;
126961;157694;
126947;157612;
126905;157591;
126871;157589;
126817;157528;
126810;157481;
126817;157402;
126833;157368;
126787;157312;
126754;157265;
126730;1572;
126724;157234;
126696;157297;
126667;157315;
126706;157332;
126813;157372;
126833;157419;
126801;157434;
126825;157433;
126824;157462;
126802;157506;
126754;157527;
126792;157505;
126843;157505;
126871;157512;
126859;157548;
126858;15757;
126891;157561;
126923;157651;
126933;157757;
126912;157758;
126938;15777;
127022;157801;
127065;157837;
127067;157872;
127061;157864;
127078;157903;
127062;15797;
127056;158;
127005;15803;
127074;158008;
127157;158048;
127161;158069;
127156;158091;
127186;158085;
127189;158114;
127193;158202;
127169;158252;
127191;158279;
127226;158257;
127286;158295;
127296;158302;
127279;158295;
127286;158296;
127304;158364;
127284;158406;
127243;15839;
127233;158299;
127260;15821;
127225;158108;
127151;157958;
127051;157806;
126969;157676;
126898;157631;
126818;157593;
126733;157507;
126731;15743;
126766;157367;
126745;15734;
126688;157257;
126655;157163;
126623;157112;
126548;157099;
126475;157094;
126462;157004;
126497;156964;
126519;156933;
126498;156906;
126457;156862;
126463;156845;
126479;156925;
126475;157014;
126472;157095;
126534;157128;
126638;157174;
126666;157235;
126649;157242;
126630;157215;
126642;157257;
126632;157346;
126639;157412;
126674;15744;
126730;157449;
126788;157465;
126774;157455;
126724;157456;
126723;157445;
126726;157483;
126715;157578;
126688;157645;
126752;15766;
126835;157683;
126853;157721;
126869;157739;
126848;157732;
126840;157739;
126856;157824;
126829;157878;
126817;157906;
126854;157905;
126941;157929;
126925;157946;
126882;157927;
126890;157931;
126909;157997;
126940;158102;
126954;158189;
127012;158208;
127079;158242;
127157;158301;
127157;158298;
127172;158321;
127156;158303;
127142;158345;
127118;158359;
127096;15829;
127057;15817;
127074;158032;
127014;157926;
126942;157822;
126850;157713;
126807;157677;
126771;157661;
126735;157667;
126719;157599;
126721;15756;
126767;157504;
126729;157473;
126663;1574;
126647;157334;
126605;157324;
126602;15736;
126535;157345;
126543;157336;
126602;157302;
126643;157358;
126613;157367;
126606;157406;
126648;157447;
126658;157519;
126668;157603;
126639;157636;
126655;157637;
126747;157655;
126763;157656;
126763;157672;
126740;157671;
126746;157704;
126781;157794;
126762;157881;
126785;157928;
126845;157947;
126923;157984;
126947;158015;
126928;158004;
126916;158019;
126944;158086;
126950;158186;
126961;158262;
126961;158291;
127023;158293;
127098;158324;
127079;158352;
127071;158338;
127074;158331;
127085;158395;
127064;158473;
127063;15852;
127103;158546;
127154;158579;
127206;158623;
127233;158674;
127226;158713;
127253;158722;
127285;158783;
127294;158888;
127260;158924;
127289;158903;
127360;158897;
127353;158845;
127311;158809;
127242;158698;
127196;158579;
127173;158535;
127090;158502;
127026;15844;
127001;15832;
127022;158269;
127017;158229;
126974;158183;
126901;158113;
126902;158114;
126859;158119;
126815;158114;
126757;158058;
126762;157983;
126803;157999;
126774;157979;
126772;157949;
126766;157941;
126762;158018;
126778;158116;
126781;158203;
126833;158242;
126905;158299;
126989;158351;
126982;158405;
126975;158377;
126974;158378;
126986;15844;
126951;158509;
126926;158531;
126983;158504;
127045;158559;
127086;158569;
127061;158574;
127063;158607;
127092;158652;
127085;158717;
127074;15877;
127073;158761;
127081;158783;
127171;158798;
127149;158829;
127138;15886;
127152;158849;
127169;158918;
127164;159013;
127150;15908;
127184;159071;
127253;159082;
127303;159117;
127300;15916;
127294;159154;
127293;159164;
127310;159227;
127321;159318;
127307;15938;
127359;159401;
127433;159385;
127460;15938;
127447;159332;
127369;159234;
127336;159168;
127274;159103;
127182;15904;
127129;158918;
127124;158814;
127127;158745;
127084;158681;
127032;158593;
126995;158524;
126950;158499;
126909;15853;
126855;158508;
126875;158439;
126882;15839;
126899;158352;
126859;15832;
126841;158303;
126827;158232;
126822;158289;
126811;158369;
126815;158404;
126874;158436;
126944;1585;
126990;158575;
127007;158615;
127034;15863;
127063;158624;
127069;158685;
127069;158777;
127050;158804;
127116;158787;
127177;158802;
127196;158832;
127179;158825;
127185;158802;
127185;158854;
127166;158941;
127161;159;
127156;158988;
127208;158987;
127269;159011;
127257;159017;
127240;159016;
127259;159005;
127262;159065;
127260;159175;
127225;159207;
127258;159207;
127338;159222;
127354;159221;
127365;159243;
127340;159217;
127345;159232;
127359;159313;
127344;159389;
127350;159395;
127378;15939;
127437;159424;
127485;159461;
127441;159468;
127436;159454;
127469;159528;
127479;15959;
127496;159674;
127475;159698;
127514;159646;
127534;159568;
127489;159448;
127351;1593;
127284;159113;
127214;159008;
127134;158943;
127035;15885;
126977;158716;
126961;158621;
126934;158535;
126882;158468;
126797;158377;
126746;158271;
126719;158285;
126675;15828;
126605;158241;
126586;158168;
126607;158114;
126632;158067;
126592;158046;
126554;158023;
126554;15803;
126548;158089;
126589;158188;
126551;158234;
126641;158278;
126724;158329;
126772;158361;
126791;158377;
126761;158347;
126759;158357;
126748;158421;
126729;158472;
126713;158454;
126763;158449;
126823;158476;
126815;158509;
126802;158522;
126822;158503;
126832;158587;
126818;158669;
126804;158732;
126847;158728;
126930;158759;
127003;158817;
126991;158828;
126978;158849;
127002;158842;
127007;158895;
126992;158995;
126980;159025;
127026;159026;
127086;159044;
127136;159094;
127123;159106;
127110;159117;
127137;159147;
127128;159226;
127132;159312;
127130;15931;
127201;159341;
127264;159355;
127254;159357;
127258;159385;
127277;159344;
127296;159451;
127286;159516;
127268;159549;
127275;159533;
127347;159504;
127339;159457;
127259;159337;
127178;15918;
127130;159057;
127066;158981;
127005;158933;
126917;158835;
126878;158704;
126894;158603;
126876;158541;
126812;158475;
126731;158333;
126715;158297;
126637;158275;
126574;158248;
126516;158149;
126534;158077;
126518;157997;
126483;15796;
126444;157896;
126422;157819;
126415;157893;
126421;157979;
126433;158038;
126468;158095;
126545;158097;
126613;158147;
126606;158146;
126584;158148;
126590;158137;
126594;158188;
126575;158261;
126573;158263;
126596;158257;
126659;158252;
126680;158287;
126673;158295;
126662;158296;
126659;158339;
126670;158436;
126664;158475;
126658;158505;
126713;15851;
126797;158565;
126808;158598;
126782;158608;
126825;158614;
126830;158652;
126847;15873;
126825;158781;
126836;15881;
126928;158804;
126945;158839;
126954;158835;
126921;158796;
126903;158793;
126901;158842;
126886;158923;
126879;158948;
126922;15895;
127008;158988;
127032;159033;
127018;159031;
127004;158993;
127006;159016;
127002;159092;
126956;15916;
127004;159136;
127063;159171;
127106;159173;
127094;159155;
127044;159043;
126996;158905;
126926;158803;
126821;158719;
126709;158607;
126653;158455;
126623;158298;
126578;158194;
126512;158089;
126421;157964;
126367;15786;
126308;157809;
126246;157816;
126190;15773;
126190;157647;
126218;157567;
126168;157497;
126094;157399;
126038;157293;
125997;157238;
125964;157259;
125897;157285;
125933;157275;
125999;157282;
126037;157346;
126051;157368;
126047;1574;
126075;157399;
126080;157467;
126083;157534;
126058;157542;
126102;157501;
126148;157536;
126173;15754;
126172;157577;
126186;157569;
126195;157611;
126216;157678;
126217;157755;
126213;157775;
126295;157771;
126340;157813;
126340;157824;
126340;157808;
126356;157805;
126370;157881;
126367;157946;
126332;157986;
126352;157993;
126438;158028;
126490;158079;
126515;158116;
126501;158146;
126511;15813;
126525;158201;
126523;158272;
126498;158305;
126556;158322;
126620;158319;
126681;158367;
126661;158359;
126648;158331;
126640;158305;
126632;158362;
126601;15844;
126568;158443;
126609;158442;
126677;158461;
126680;158478;
126658;158509;
126625;158505;
126638;158535;
126635;158623;
126661;158689;
126663;158712;
126716;158697;
126772;158711;
126767;158665;
126713;158601;
126677;158487;
126629;158436;
126573;158393;
126506;158324;
126465;158255;
126530;158167;
126488;158078;
126442;158034;
126367;157957;
126344;157852;
126311;157835;
126270;157844;
126222;157813;
126225;157757;
126272;157712;
126277;157691;
126239;157638;
126194;157597;
126205;157613;
126202;157701;
126181;157742;
126202;157767;
126271;157785;
126327;157835;
126340;157838;
126317;157833;
126275;157766;
126269;157816;
126258;157877;
126234;15792;
126272;15792;
126348;157929;
126401;157947;
126413;157981;
126371;157963;
126352;157937;
126358;158004;
126380;158131;
126394;158193;
126437;158206;
126502;158219;
126531;158233;
126489;158232;
126465;158233;
126479;158223;
126451;158307;
126458;158403;
126456;158426;
126505;158416;
126565;158452;
126554;158492;
126558;158486;
126592;158489;
126584;158535;
126594;158629;
126575;158656;
126589;158658;
126645;158638;
126679;15867;
126679;158701;
126677;158713;
126700;158749;
126733;158822;
126724;158918;
126712;158939;
126759;158932;
126826;158973;
126878;158988;
126869;159003;
126850;158989;
126845;15897;
126814;158972;
126723;158899;
126665;158775;
126653;158628;
126638;158507;
126534;158377;
126455;15826;
126396;158136;
126355;158077;
126283;158039;
126196;157948;
126131;157844;
126097;157718;
126049;157609;
125933;157483;
125845;157387;
125765;157254;
125690;157188;
125594;157122;
125494;157043;
125451;156984;
125473;156938;
125513;156975;
125537;157023;
125599;157122;
125728;157273;
125909;157534;
126097;15783;
126320;158086;
126648;158395;
127033;15877;
127376;159036;
127571;159232;
127722;159278;
127776;159316;
127781;159432;
127861;159576;
128020;159776;
128283;160002;
128582;160317;
128916;160721;
129262;161019;
129321;160881;
129043;160457;
128360;159668;
127517;158824;
127004;158302;
126763;158048;
126716;158163;
127023;158598;
127422;159192;
128007;159791;
128363;160026;
128302;159818;
127818;159618;
128212;159989;
128163;159765;
127964;15952;
127869;159516;
128019;159795;
128271;16019;
128484;160573;
128729;160969;
129040;161305;
129366;161631;
129691;162087;
130225;162967;
131091;163924;
132088;164917;
133148;166112;
134351;167619;
135789;169075;
136968;170054;
138017;171224;
139566;173291;
142854;177242;
147997;180888;
150287;182081;
152279;183484;
153321;184178;
154037;184402;
153991;184443;
154175;184667;
154423;184876;
154601;185063;
154882;185243;
155088;185422;
155172;185514;
155225;185518;
155286;185482;
155291;185403;
155040;185194;
154655;184855;
154233;184425;
153744;184104;
153244;183764;
152794;183501;
152441;183227;
152117;182907;
151674;182445;
150895;181695;
149957;180922;
149117;18018;
148325;179514;
147590;178977;
147030;178536;
146746;178258;
146585;17808;
146462;17799;
146242;177787;
146007;177597;
145834;177559;
145802;177708;
145874;17792;
146075;178082;
146190;178158;
146286;178201;
146225;178167;
146106;178141;
146157;178239;
146332;178451;
146493;178722;
146546;178875;
146601;17892;
146680;179006;
146810;179164;
146907;179329;
146987;179438;
147048;179455;
147058;179522;
147027;179596;
147004;17958;
147046;179529;
147047;179475;
147013;179405;
146929;179377;
146954;179445;
147127;179697;
147306;180004;
147502;180275;
147696;180493;
147941;180697;
148157;180933;
148300;181134;
148388;181187;
148366;181112;
148291;181087;
148215;181082;
148126;180974;
148080;180758;
147966;180373;
147811;180069;
147659;179826;
147561;179641;
147505;17951;
147457;179476;
147443;179491;
147432;179469;
147494;179422;
147553;179394;
147571;179359;
147535;179271;
147427;179154;
147354;179042;
147282;178984;
147178;17898;
147122;178938;
147156;178926;
147193;178953;
147242;178992;
147233;179023;
147274;179039;
147305;179107;
147301;179176;
147291;179176;
147240;179096;
147235;179006;
147210;178954;
147134;178883;
147084;178851;
147072;17879;
147051;178786;
147052;178877;
147028;178913;
147084;178948;
147193;178967;
147278;179037;
147334;179085;
147321;179092;
147326;179051;
147306;179117;
147266;179141;
147202;179149;
147198;179108;
147206;179062;
147179;179035;
147112;179003;
147036;178938;
146997;178869;
146959;178921;
146934;178972;
146863;178956;
146903;178941;
146945;178929;
146948;178947;
146931;178934;
146950;178919;
146921;178939;
146903;178979;
146847;178948;
146783;178816;
146760;178636;
146657;178464;
146513;178206;
146343;;
